"Codon","Frequency"
"UUU",0.0175964807038592
"UCU",0.0151969606078784
"UAU",0.0121975604879024
"UGU",0.0105978804239152
"UUC",0.0202959408118376
"UCC",0.0176964607078584
"UAC",0.0152969406118776
"UGC",0.0125974805038992
"UUA",0.00769846030793841
"UCA",0.0121975604879024
"UAA",0.000999800039992002
"UGA",0.0015996800639872
"UUG",0.0128974205158968
"UCG",0.00439912017596481
"UAG",0.000799840031993601
"UGG",0.0131973605278944
"CUU",0.0131973605278944
"CCU",0.01749650069986
"CAU",0.0108978204359128
"CGU",0.00449910017996401
"CUC",0.0195960807838432
"CCC",0.0197960407918416
"CAC",0.0150969806038792
"CGC",0.0103979204159168
"CUA",0.00719856028794241
"CCA",0.0168966206758648
"CAA",0.0122975404919016
"CGA",0.00619876024795041
"CUG",0.0395920815836833
"CCG",0.00689862027594481
"CAG",0.0341931613677265
"CGG",0.0113977204559088
"AUU",0.015996800639872
"ACU",0.0130973805238952
"AAU",0.016996600679864
"AGU",0.0120975804839032
"AUC",0.0207958408318336
"ACC",0.0188962207558488
"AAC",0.0190961807638472
"AGC",0.019496100779844
"AUA",0.00749850029994001
"ACA",0.0150969806038792
"AAA",0.0243951209758048
"AGA",0.0121975604879024
"AUG",0.021995600879824
"ACG",0.00609878024395121
"AAG",0.0318936212757448
"AGG",0.011997600479904
"GUU",0.010997800439912
"GCU",0.0183963207358528
"GAU",0.0217956408718256
"GGU",0.0107978404319136
"GUC",0.014497100579884
"GCC",0.0276944611077784
"GAC",0.0250949810037992
"GGC",0.0221955608878224
"GUA",0.00709858028394321
"GCA",0.0157968406318736
"GAA",0.028994201159768
"GGA",0.016496700659868
"GUG",0.0280943811237752
"GCG",0.00739852029594081
"GAG",0.0395920815836833
"GGG",0.016496700659868
